https://cdn1-www.dogtime.com/assets/uploads/2011/01/file_23096_affenpinscher-300x189.jpg,Affenpinscher
https://cdn2-www.dogtime.com/assets/uploads/2011/01/file_23004_afghan-hound-300x189.jpg,Afghan Hound
https://cdn2-www.dogtime.com/assets/uploads/2011/01/file_23050_airedale-terrier-300x189.jpg,Airedale Terrier
https://cdn2-www.dogtime.com/assets/uploads/2011/01/file_22906_akita-300x189.jpg,Akita
https://cdn1-www.dogtime.com/assets/uploads/2017/11/alaskan-klee-kai-breed-pictures-cover-300x170.jpg,Alaskan Klee Kai
https://cdn3-www.dogtime.com/assets/uploads/2011/01/file_22908_alaskan-malamute-300x189.jpg,Alaskan Malamute
https://cdn2-www.dogtime.com/assets/uploads/2017/12/american-bulldog-breed-pictures-9-300x170.jpg,American Bulldog
https://cdn3-www.dogtime.com/assets/uploads/2011/01/file_23236_american-english-coonhound-300x189.jpg,American English Coonhound
https://cdn3-www.dogtime.com/assets/uploads/2011/01/file_23134_american-eskimo-dog-300x189.jpg,American Eskimo Dog
https://cdn2-www.dogtime.com/assets/uploads/2011/01/file_23006_american-foxhound-300x189.jpg,American Foxhound
https://cdn3-www.dogtime.com/assets/uploads/2011/01/file_23052_pitbull-dog-breed-pittie-300x189.jpg,American Pit Bull Terrier
https://cdn1-www.dogtime.com/assets/uploads/2018/01/american-staffordshire-terrier-dog-breed-pictures-cover-300x170.jpg,American Staffordshire Terrier
https://cdn1-www.dogtime.com/assets/uploads/2011/01/file_22954_american-water-spaniel-300x189.jpg,American Water Spaniel
https://cdn3-www.dogtime.com/assets/uploads/2011/01/file_22910_anatolian-shepherd-dog-300x189.jpg,Anatolian Shepherd Dog
https://cdn1-www.dogtime.com/assets/uploads/2011/01/file_23244_what-is-the-appenzeller-sennenhunde-dog-300x189.jpg,Appenzeller Sennenhunde
https://cdn1-www.dogtime.com/assets/uploads/2019/07/aussiedoodle-mixed-dog-breed-pictures-cover-650x368.jpg,Aussiedoodle
https://cdn1-www.dogtime.com/assets/uploads/2019/07/aussiepom-mixed-dog-breed-pictures-cover-650x368.jpg,Aussiepom
https://cdn2-www.dogtime.com/assets/uploads/2011/01/file_23166_australian-cattle-dog-300x189.jpg,Australian Cattle Dog
https://cdn1-www.dogtime.com/assets/uploads/2018/04/australian-kelpie-dog-breed-pictures-header-300x170.jpg,Australian Kelpie
https://cdn1-www.dogtime.com/assets/uploads/2011/01/file_23168_australian-shepherd-300x189.jpg,Australian Shepherd
https://cdn3-www.dogtime.com/assets/uploads/2011/01/file_23054_australian-terrier-300x189.jpg,Australian Terrier
https://cdn1-www.dogtime.com/assets/uploads/2011/01/file_23286_azawakh-300x189.jpg,Azawakh
https://cdn3-www.dogtime.com/assets/uploads/2011/01/file_23288_barbet-300x189.jpg,Barbet
https://cdn3-www.dogtime.com/assets/uploads/2011/01/file_23008_basenji-300x189.jpg,Basenji
https://cdn2-www.dogtime.com/assets/uploads/2019/07/bassador-mixed-breed-dog-pictures-cover-650x368.jpg,Bassador
https://cdn2-www.dogtime.com/assets/uploads/2011/01/file_23010_basset-hound-300x189.jpg,Basset Hound
https://cdn3-www.dogtime.com/assets/uploads/2011/01/file_23012_beagle-300x189.jpg,Beagle
https://cdn1-www.dogtime.com/assets/uploads/2011/01/file_23170_bearded-collie-300x189.jpg,Bearded Collie
https://cdn1-www.dogtime.com/assets/uploads/2011/01/file_23056_bedlington-terrier-300x189.jpg,Bedlington Terrier
https://cdn1-www.dogtime.com/assets/uploads/2011/01/file_23172_belgian-malinois-300x189.jpg,Belgian Malinois
https://cdn1-www.dogtime.com/assets/uploads/2011/01/file_23174_belgian-sheepdog-300x189.jpg,Belgian Sheepdog
https://cdn3-www.dogtime.com/assets/uploads/2011/01/file_23176_belgian-tervuren-300x189.jpg,Belgian Tervuren
https://cdn1-www.dogtime.com/assets/uploads/2011/01/file_23290_berger-picard-300x189.jpg,Berger Picard
https://cdn1-www.dogtime.com/assets/uploads/2017/10/bernedoodle-dog-breed-pictures-cover-300x170.jpg,Bernedoodle
https://cdn1-www.dogtime.com/assets/uploads/2011/01/file_22912_bernese-mountain-dog-300x189.jpg,Bernese Mountain Dog
https://cdn1-www.dogtime.com/assets/uploads/2011/01/file_23136_bichon-frise-300x189.jpg,Bichon Frise
https://cdn2-www.dogtime.com/assets/uploads/2011/01/file_23014_black-and-tan-coonhound-300x189.jpg,Black and Tan Coonhound
https://cdn3-www.dogtime.com/assets/uploads/2017/11/black-mouth-cur-dog-breed-pictures-cover-300x170.jpg,Black Mouth Cur
https://cdn3-www.dogtime.com/assets/uploads/2011/01/file_22914_black-russian-terrier-300x189.jpg,Black Russian Terrier
https://cdn2-www.dogtime.com/assets/uploads/2011/01/file_23016_bloodhound-300x189.jpg,Bloodhound
https://cdn2-www.dogtime.com/assets/uploads/2018/04/blue-lacy-dog-breed-pictures-header-300x170.jpg,Blue Lacy
https://cdn2-www.dogtime.com/assets/uploads/2011/01/file_23238_bluetick-coonhound-300x189.jpg,Bluetick Coonhound
https://cdn3-www.dogtime.com/assets/uploads/2018/01/boerboel-dog-breed-pictures-cover-300x170.jpg,Boerboel
https://cdn2-www.dogtime.com/assets/uploads/2011/01/file_23240_bolognese-300x189.jpg,Bolognese
https://cdn2-www.dogtime.com/assets/uploads/2011/01/file_23178_border-collie-300x189.jpg,Border Collie
https://cdn1-www.dogtime.com/assets/uploads/2011/01/file_23058_border-terrier-300x189.jpg,Border Terrier
https://cdn3-www.dogtime.com/assets/uploads/2011/01/file_23018_borzoi-300x189.jpg,Borzoi
https://cdn3-www.dogtime.com/assets/uploads/2011/01/file_23138_boston-terrier-300x189.jpg,Boston Terrier
https://cdn3-www.dogtime.com/assets/uploads/2011/01/file_23180_bouvier-des-flandres-300x189.jpg,Bouvier des Flandres
https://cdn2-www.dogtime.com/assets/uploads/2011/01/file_22916_boxer-300x189.jpg,Boxer
https://cdn1-www.dogtime.com/assets/uploads/2011/01/file_23242_boykin-spaniel-300x189.jpg,Boykin Spaniel
https://cdn2-www.dogtime.com/assets/uploads/2011/01/file_23268_bracco-italiano-300x189.jpg,Bracco Italiano
https://cdn2-www.dogtime.com/assets/uploads/2011/01/file_23182_briard-300x189.jpg,Briard
https://cdn1-www.dogtime.com/assets/uploads/2011/01/file_22956_brittany-300x189.jpg,Brittany
https://cdn1-www.dogtime.com/assets/uploads/2011/01/file_23098_brussels-griffon-300x189.jpg,Brussels Griffon
https://cdn2-www.dogtime.com/assets/uploads/2011/01/file_23060_bull-terrier-300x189.jpg,Bull Terrier
https://cdn1-www.dogtime.com/assets/uploads/2019/07/bullboxer-pit-mixed-dog-breed-pictures-cover-650x368.jpg,Bullboxer Pit
https://cdn3-www.dogtime.com/assets/uploads/2011/01/file_23140_bulldog-300x189.jpg,Bulldog
https://cdn1-www.dogtime.com/assets/uploads/2011/01/file_22918_bullmastiff-300x189.jpg,Bullmastiff
https://cdn3-www.dogtime.com/assets/uploads/2019/07/bullmation-mixed-dog-breed-pictures-cover-650x368.jpg,Bullmatian
https://cdn3-www.dogtime.com/assets/uploads/2011/01/file_23062_cairn-terrier-300x189.jpg,Cairn Terrier
https://cdn3-www.dogtime.com/assets/uploads/2011/01/file_23184_canaan-dog-300x189.jpg,Canaan Dog
https://cdn3-www.dogtime.com/assets/uploads/2014/08/file_23300_cane-corso-dog-breed-300x189.jpg,Cane Corso
https://cdn2-www.dogtime.com/assets/uploads/2011/11/file_23294_cardigan-welsh-corgi-300x189.jpg,Cardigan Welsh Corgi
https://cdn1-www.dogtime.com/assets/uploads/2011/01/file_23278_catahoula-leopard-dog-300x189.jpg,Catahoula Leopard Dog
https://cdn3-www.dogtime.com/assets/uploads/2018/01/caucasian-shepherd-dog-breed-pictures-cover-300x170.jpg,Caucasian Shepherd Dog
https://cdn1-www.dogtime.com/assets/uploads/2011/01/file_23100_cavalier-king-charles-spaniel-300x189.jpg,Cavalier King Charles Spaniel
https://cdn1-www.dogtime.com/assets/uploads/2011/01/file_23270_cesky-terrier-dog-breed-300x189.jpg,Cesky Terrier
https://cdn1-www.dogtime.com/assets/uploads/2019/07/cheagle-mixed-dog-breed-pictures-cover-650x368.jpg,Cheagle
https://cdn1-www.dogtime.com/assets/uploads/2011/01/file_22958_chesapeake-bay-retriever-300x189.jpg,Chesapeake Bay Retriever
https://cdn3-www.dogtime.com/assets/uploads/2011/01/file_23102_chihuahua-300x189.jpg,Chihuahua
https://cdn2-www.dogtime.com/assets/uploads/2011/01/file_23104_17524831-300x189.jpg,Chinese Crested
https://cdn3-www.dogtime.com/assets/uploads/2011/01/file_23142_chinese-shar-pei-300x189.jpg,Chinese Shar-Pei
https://cdn1-www.dogtime.com/assets/uploads/2011/01/file_23232_chinook-300x189.jpg,Chinook
https://cdn1-www.dogtime.com/assets/uploads/2019/07/chipin-mixed-dog-breed-pictures-cover-650x368.jpg,Chipin
https://cdn1-www.dogtime.com/assets/uploads/2019/07/chiweenie-mixed-dog-breed-pictures-cover-650x368.jpg,Chiweenie
https://cdn1-www.dogtime.com/assets/uploads/2011/01/file_23144_chow-chow-300x189.jpg,Chow Chow
https://cdn3-www.dogtime.com/assets/uploads/2019/07/chug-mixed-dog-breed-pictures-cover-650x368.jpg,Chug
https://cdn1-www.dogtime.com/assets/uploads/2011/01/file_22960_clumber-spaniel-300x189.jpg,Clumber Spaniel
https://cdn3-www.dogtime.com/assets/uploads/2011/01/file_23218_cockapoo-dog-breed-300x189.jpg,Cockapoo
https://cdn1-www.dogtime.com/assets/uploads/2011/01/file_22962_cocker-spaniel-300x189.jpg,Cocker Spaniel
https://cdn3-www.dogtime.com/assets/uploads/2011/01/file_23186_collie-300x189.jpg,Collie
https://cdn1-www.dogtime.com/assets/uploads/2019/07/corgidor-mixed-dog-breed-pictures-cover-650x368.jpg,Corgidor
https://cdn2-www.dogtime.com/assets/uploads/2011/01/file_23230_coton-de-tulear-300x189.jpg,Coton de Tulear
https://cdn3-www.dogtime.com/assets/uploads/2011/01/file_22964_curly-coated-retriever-300x189.jpg,Curly-Coated Retriever
https://cdn1-www.dogtime.com/assets/uploads/2011/01/file_23020_dachshund-dog-breed-300x189.jpg,Dachshund
https://cdn1-www.dogtime.com/assets/uploads/2011/01/file_23146_dalmatian-300x189.jpg,Dalmatian
https://cdn1-www.dogtime.com/assets/uploads/2011/01/file_23064_dandie-dinmont-terrier-300x189.jpg,Dandie Dinmont Terrier
https://cdn1-www.dogtime.com/assets/uploads/2011/01/file_22920_doberman-pinscher-300x189.jpg,Doberman Pinscher
https://cdn1-www.dogtime.com/assets/uploads/2019/07/docker-mixed-dog-breed-pictures-cover-650x368.jpg,Docker
https://cdn2-www.dogtime.com/assets/uploads/2017/12/dogo-argentino-breed-pictures-7-300x170.jpg,Dogo Argentino
https://cdn3-www.dogtime.com/assets/uploads/2011/01/file_23252_dogue-de-bordeaux-dog-breed-300x189.jpg,Dogue de Bordeaux
https://cdn1-www.dogtime.com/assets/uploads/2018/01/dutch-shepherd-dog-breed-pictures-cover-300x170.jpg,Dutch Shepherd
https://cdn3-www.dogtime.com/assets/uploads/2011/01/file_22966_english-cocker-spaniel-300x189.jpg,English Cocker Spaniel
https://cdn2-www.dogtime.com/assets/uploads/2011/01/file_23022_english-foxhound-300x189.jpg,English Foxhound
https://cdn1-www.dogtime.com/assets/uploads/2011/01/file_22968_english-setter-300x189.jpg,English Setter
https://cdn1-www.dogtime.com/assets/uploads/2011/01/file_22970_english-springer-spaniel-300x189.jpg,English Springer Spaniel
https://cdn1-www.dogtime.com/assets/uploads/2011/01/file_23106_english-toy-spaniel-300x189.jpg,English Toy Spaniel
https://cdn3-www.dogtime.com/assets/uploads/2011/01/file_23262_entlebucher-mountain-dog-300x189.jpg,Entlebucher Mountain Dog
https://cdn2-www.dogtime.com/assets/uploads/2011/01/file_22972_field-spaniel-300x189.jpg,Field Spaniel
https://cdn1-www.dogtime.com/assets/uploads/2011/01/file_23258_finnish-lapphund-300x189.jpg,Finnish Lapphund
https://cdn1-www.dogtime.com/assets/uploads/2011/01/file_23148_finnish-spitz-300x189.jpg,Finnish Spitz
https://cdn3-www.dogtime.com/assets/uploads/2011/01/file_22974_flat-coated-retriever-300x189.jpg,Flat-Coated Retriever
https://cdn3-www.dogtime.com/assets/uploads/2011/01/file_23094_fox-terrier-300x189.jpg,Fox Terrier
https://cdn1-www.dogtime.com/assets/uploads/2011/01/file_23150_french-bulldog-300x189.jpg,French Bulldog
https://cdn1-www.dogtime.com/assets/uploads/2011/01/file_22922_german-pinscher-300x189.jpg,German Pinscher
https://cdn1-www.dogtime.com/assets/uploads/2011/01/file_23188_german-shepherd-dog-300x189.jpg,German Shepherd Dog
https://cdn2-www.dogtime.com/assets/uploads/2011/01/file_22976_german-shorthaired-pointer-300x189.jpg,German Shorthaired Pointer
https://cdn3-www.dogtime.com/assets/uploads/2011/01/file_22978_german-wirehaired-pointer-300x189.jpg,German Wirehaired Pointer
https://cdn3-www.dogtime.com/assets/uploads/2011/01/file_22924_giant-schnauzer-300x189.jpg,Giant Schnauzer
https://cdn3-www.dogtime.com/assets/uploads/2011/01/file_23066_glen-of-imaal-terrier-300x189.jpg,Glen of Imaal Terrier
https://cdn3-www.dogtime.com/assets/uploads/2019/07/goberian-mixed-dog-breed-pictures-cover-650x368.jpg,Goberian
https://cdn3-www.dogtime.com/assets/uploads/2011/01/file_23214_goldador-300x189.jpg,Goldador
https://cdn1-www.dogtime.com/assets/uploads/2011/01/file_22980_golden-retriever-300x189.jpg,Golden Retriever
https://cdn2-www.dogtime.com/assets/uploads/2011/01/file_23204_goldendoodle-300x189.jpg,Goldendoodle
https://cdn3-www.dogtime.com/assets/uploads/2011/01/file_22982_gordon-setter-300x189.jpg,Gordon Setter
https://cdn3-www.dogtime.com/assets/uploads/2011/01/file_22926_great-dane-300x189.jpg,Great Dane
https://cdn2-www.dogtime.com/assets/uploads/2011/01/file_23202_great-pyrenees-300x189.jpg,Great Pyrenees
https://cdn2-www.dogtime.com/assets/uploads/2011/01/file_22928_greater-swiss-mountain-dog-300x189.jpg,Greater Swiss Mountain Dog
https://cdn3-www.dogtime.com/assets/uploads/2011/01/file_23024_greyhound-300x189.jpg,Greyhound
https://cdn1-www.dogtime.com/assets/uploads/2011/01/file_23026_harrier-300x189.jpg,Harrier
https://cdn2-www.dogtime.com/assets/uploads/2011/01/file_23108_havanese-300x189.jpg,Havanese
https://cdn2-www.dogtime.com/assets/uploads/2011/01/file_23028_ibizan-hound-300x189.jpg,Ibizan Hound
https://cdn1-www.dogtime.com/assets/uploads/2011/01/file_23274_icelandic-sheepdog-300x189.jpg,Icelandic Sheepdog
https://cdn1-www.dogtime.com/assets/uploads/2011/01/file_23254_irish-red-and-white-setter-300x189.jpg,Irish Red and White Setter
https://cdn3-www.dogtime.com/assets/uploads/2011/01/file_22984_irish-setter-300x189.jpg,Irish Setter
https://cdn1-www.dogtime.com/assets/uploads/2011/01/file_23068_irish-terrier-300x189.jpg,Irish Terrier
https://cdn3-www.dogtime.com/assets/uploads/2011/01/file_22986_irish-water-spaniel-300x189.jpg,Irish Water Spaniel
https://cdn2-www.dogtime.com/assets/uploads/2011/01/file_23030_irish-wolfhound-300x189.jpg,Irish Wolfhound
https://cdn2-www.dogtime.com/assets/uploads/2011/01/file_23110_italian-greyhound-300x189.jpg,Italian Greyhound
https://cdn3-www.dogtime.com/assets/uploads/2019/07/jack-chi-mixed-dog-breed-pictures-cover-650x368.jpg,Jack Chi
https://cdn3-www.dogtime.com/assets/uploads/2011/01/file_23080_jack-russell-terrier-300x189.jpg,Jack Russell Terrier
https://cdn1-www.dogtime.com/assets/uploads/2011/01/file_23112_japanese-chin-300x189.jpg,Japanese Chin
https://cdn2-www.dogtime.com/assets/uploads/2018/06/japanese-spitz-dog-breed-pictures-header-300x170.jpg,Japanese Spitz
https://cdn1-www.dogtime.com/assets/uploads/2015/08/jindo-300x176.png,Korean Jindo Dog
https://cdn2-www.dogtime.com/assets/uploads/2018/04/karelian-bear-dog-header-300x170.jpg,Karelian Bear Dog
https://cdn1-www.dogtime.com/assets/uploads/2011/01/file_23152_keeshond-300x189.jpg,Keeshond
https://cdn1-www.dogtime.com/assets/uploads/2011/01/file_23070_kerry-blue-terrier-300x189.jpg,Kerry Blue Terrier
https://cdn1-www.dogtime.com/assets/uploads/2011/01/file_22930_komondor-300x189.jpg,Komondor
https://cdn1-www.dogtime.com/assets/uploads/2011/01/file_23266_kooikerhondje-300x189.jpg,Kooikerhondje
https://cdn1-www.dogtime.com/assets/uploads/2011/01/file_22932_kuvasz-300x189.jpg,Kuvasz
https://cdn1-www.dogtime.com/assets/uploads/2019/07/kyi-leo-mixed-dog-breed-pictures-cover-650x368.jpg,Kyi-Leo
https://cdn3-www.dogtime.com/assets/uploads/2019/07/labradane-mixed-dog-breed-pictures-cover-650x368.jpg,Labradane
https://cdn3-www.dogtime.com/assets/uploads/2011/01/file_23220_what-is-a-labradoodle-300x189.jpg,Labradoodle
https://cdn2-www.dogtime.com/assets/uploads/2011/01/file_22988_labrador-retriever-300x189.jpg,Labrador Retriever
https://cdn3-www.dogtime.com/assets/uploads/2019/07/labsky-mixed-dog-breed-pictures-cover-650x368.jpg,Labsky
https://cdn1-www.dogtime.com/assets/uploads/2018/07/lagotto-romagnolo-dog-breed-pictures-header-300x170.jpg,Lagotto Romagnolo
https://cdn1-www.dogtime.com/assets/uploads/2011/01/file_23072_lakeland-terrier-300x189.jpg,Lakeland Terrier
https://cdn3-www.dogtime.com/assets/uploads/2011/01/file_23282_lancashire-heeler-300x189.jpg,Lancashire Heeler
https://cdn3-www.dogtime.com/assets/uploads/2011/01/file_23272_leonberger-dog-breed-300x189.jpg,Leonberger
https://cdn1-www.dogtime.com/assets/uploads/2011/01/file_23154_lhasa-apso-300x189.jpg,Lhasa Apso
https://cdn2-www.dogtime.com/assets/uploads/2011/01/file_23156_lowchen-300x189.jpg,Lowchen
https://cdn2-www.dogtime.com/assets/uploads/2011/01/file_23114_maltese-300x189.jpg,Maltese
https://cdn1-www.dogtime.com/assets/uploads/2011/01/file_23216_maltese-shih-tzu-300x189.jpg,Maltese Shih Tzu
https://cdn2-www.dogtime.com/assets/uploads/2011/01/file_23210_maltipoo-300x189.jpg,Maltipoo
https://cdn2-www.dogtime.com/assets/uploads/2011/01/file_23224_manchester-terrier-300x189.jpg,Manchester Terrier
https://cdn2-www.dogtime.com/assets/uploads/2011/01/file_22934_mastiff-300x189.jpg,Mastiff
https://cdn3-www.dogtime.com/assets/uploads/2011/01/file_23116_miniature-pinscher-300x189.jpg,Miniature Pinscher
https://cdn2-www.dogtime.com/assets/uploads/2011/01/file_23074_miniature-schnauzer-300x189.jpg,Miniature Schnauzer
https://cdn3-www.dogtime.com/assets/uploads/2019/07/morkie-mixed-dog-breed-pictures-cover-650x368.jpg,Morkie
https://cdn3-www.dogtime.com/assets/uploads/2018/04/mudi-dog-breed-pictures-header-300x170.jpg,Mudi
https://cdn2-www.dogtime.com/assets/uploads/2011/01/file_23228_mutt-300x189.jpg,Mutt
https://cdn1-www.dogtime.com/assets/uploads/2011/01/file_22936_neapolitan-mastiff-300x189.jpg,Neapolitan Mastiff
https://cdn1-www.dogtime.com/assets/uploads/2011/01/file_22938_newfoundland-300x189.jpg,Newfoundland
https://cdn1-www.dogtime.com/assets/uploads/2011/01/file_23076_norfolk-terrier-300x189.jpg,Norfolk Terrier
https://cdn3-www.dogtime.com/assets/uploads/2011/01/file_23284_norwegian-buhund-300x189.jpg,Norwegian Buhund
https://cdn2-www.dogtime.com/assets/uploads/2011/01/file_23032_norwegian-elkhound-300x189.jpg,Norwegian Elkhound
https://cdn1-www.dogtime.com/assets/uploads/2011/01/file_23276_norwegian-lundehund-300x189.jpg,Norwegian Lundehund
https://cdn3-www.dogtime.com/assets/uploads/2011/01/file_23078_norwich-terrier-300x189.jpg,Norwich Terrier
https://cdn1-www.dogtime.com/assets/uploads/2011/01/file_22990_nova-scotia-duck-tolling-retriever-300x189.jpg,Nova Scotia Duck Tolling Retriever
https://cdn1-www.dogtime.com/assets/uploads/2011/01/file_23190_old-english-sheepdog-300x189.jpg,Old English Sheepdog
https://cdn2-www.dogtime.com/assets/uploads/2011/01/file_23034_otterhound-300x189.jpg,Otterhound
https://cdn3-www.dogtime.com/assets/uploads/2011/01/file_23118_papillon-300x189.jpg,Papillon
https://cdn3-www.dogtime.com/assets/uploads/2011/01/file_23222_peekapoo-300x189.jpg,Peekapoo
https://cdn1-www.dogtime.com/assets/uploads/2011/01/file_23120_pekingese-300x189.jpg,Pekingese
https://cdn2-www.dogtime.com/assets/uploads/2011/01/file_23192_pembroke-welsh-corgi-300x189.jpg,Pembroke Welsh Corgi
https://cdn2-www.dogtime.com/assets/uploads/2011/01/file_23036_petit-basset-griffon-vendeen-300x189.jpg,Petit Basset Griffon Vendeen
https://cdn3-www.dogtime.com/assets/uploads/2011/01/file_23038_pharaoh-hound-300x189.jpg,Pharaoh Hound
https://cdn1-www.dogtime.com/assets/uploads/2019/07/pitsky-mixed-dog-breed-pictures-cover-650x368.jpg,Pitsky
https://cdn2-www.dogtime.com/assets/uploads/2011/01/file_23040_plott-300x189.jpg,Plott
https://cdn2-www.dogtime.com/assets/uploads/2011/01/file_23234_pocket-beagle-300x189.jpg,Pocket Beagle
https://cdn2-www.dogtime.com/assets/uploads/2011/01/file_22992_pointer-300x189.jpg,Pointer
https://cdn2-www.dogtime.com/assets/uploads/2011/01/file_23194_polish-lowland-sheepdog-300x189.jpg,Polish Lowland Sheepdog
https://cdn3-www.dogtime.com/assets/uploads/2011/01/file_23122_pomeranian-300x189.jpg,Pomeranian
https://cdn3-www.dogtime.com/assets/uploads/2017/10/pomsky-dog-breed-pictures-header-300x170.jpg,Pomsky
https://cdn2-www.dogtime.com/assets/uploads/2019/07/poochon-mixed-dog-breed-pictures-cover-650x368.jpg,Poochon
https://cdn2-www.dogtime.com/assets/uploads/2011/01/file_23200_poodle-300x189.jpg,Poodle
https://cdn2-www.dogtime.com/assets/uploads/2011/01/file_22940_portuguese-water-dog-300x189.jpg,Portuguese Water Dog
https://cdn3-www.dogtime.com/assets/uploads/2011/01/file_23124_pug-300x189.jpg,Pug
https://cdn3-www.dogtime.com/assets/uploads/2011/01/file_23212_puggle-300x189.jpg,Puggle
https://cdn1-www.dogtime.com/assets/uploads/2011/01/file_23196_puli-300x189.jpg,Puli
https://cdn1-www.dogtime.com/assets/uploads/2011/01/file_23246_pyrenean-shepherd-300x189.jpg,Pyrenean Shepherd
https://cdn1-www.dogtime.com/assets/uploads/2011/01/file_23226_rat-terrier-dog-breed-300x189.jpg,Rat Terrier
https://cdn1-www.dogtime.com/assets/uploads/2011/01/file_23248_redbone-coonhound-300x189.jpg,Redbone Coonhound
https://cdn3-www.dogtime.com/assets/uploads/2011/01/file_23042_rhodesian-ridgeback-300x189.jpg,Rhodesian Ridgeback
https://cdn1-www.dogtime.com/assets/uploads/2011/01/file_22942_rottweiler-300x189.jpg,Rottweiler
https://cdn3-www.dogtime.com/assets/uploads/2011/01/file_22944_saint-bernard-300x189.jpg,Saint Bernard
https://cdn2-www.dogtime.com/assets/uploads/2011/01/file_23044_saluki-300x189.jpg,Saluki
https://cdn3-www.dogtime.com/assets/uploads/2011/01/file_22946_Samoyed-dog-breed-300x189.jpg,Samoyed
https://cdn1-www.dogtime.com/assets/uploads/2011/01/file_23158_schipperke-300x189.jpg,Schipperke
https://cdn1-www.dogtime.com/assets/uploads/2011/01/file_23206_schnoodle-300x189.jpg,Schnoodle
https://cdn1-www.dogtime.com/assets/uploads/2011/01/file_23046_scottish-deerhound-300x189.jpg,Scottish Deerhound
https://cdn2-www.dogtime.com/assets/uploads/2011/01/file_23082_scottish-terrier-300x189.jpg,Scottish Terrier
https://cdn2-www.dogtime.com/assets/uploads/2011/01/file_23084_sealyham-terrier-300x189.jpg,Sealyham Terrier
https://cdn1-www.dogtime.com/assets/uploads/2011/01/file_23198_shetland-sheepdog-300x189.jpg,Shetland Sheepdog
https://cdn1-www.dogtime.com/assets/uploads/2011/01/file_23160_shiba-inu-300x189.jpg,Shiba Inu
https://cdn3-www.dogtime.com/assets/uploads/2019/07/shih-poo-mixed-dog-breed-pictures-cover-650x368.jpg,Shih-Poo
https://cdn1-www.dogtime.com/assets/uploads/2011/01/file_23126_shih-tzu-300x189.jpg,Shih Tzu
https://cdn3-www.dogtime.com/assets/uploads/2011/01/file_22948_siberian-husky-300x189.jpg,Siberian Husky
https://cdn1-www.dogtime.com/assets/uploads/2018/07/silken-windhound-dog-breed-pictures-cover-300x170.jpg,Silken Windhound
https://cdn1-www.dogtime.com/assets/uploads/2011/01/file_23128_silky-terrier-300x189.jpg,Silky Terrier
https://cdn2-www.dogtime.com/assets/uploads/2011/01/file_23086_skye-terrier-300x189.jpg,Skye Terrier
https://cdn3-www.dogtime.com/assets/uploads/2011/01/file_23260_sloughi-dog-breed-picture-300x189.jpg,Sloughi
https://cdn1-www.dogtime.com/assets/uploads/2011/01/file_23256_small-munsterlander-pointer-300x189.jpg,Small Munsterlander Pointer
https://cdn3-www.dogtime.com/assets/uploads/2011/01/file_23088_soft-coated-wheaten-terrier-300x189.jpg,Soft Coated Wheaten Terrier
https://cdn2-www.dogtime.com/assets/uploads/2011/01/file_23264_Stabyhoun-dog-breed-300x189.jpg,Stabyhoun
https://cdn3-www.dogtime.com/assets/uploads/2011/01/file_23292_staffordshire-bull-terrier-300x189.jpg,Staffordshire Bull Terrier
https://cdn3-www.dogtime.com/assets/uploads/2011/01/file_22950_standard-schnauzer-300x189.jpg,Standard Schnauzer
https://cdn3-www.dogtime.com/assets/uploads/2011/01/file_22994_sussex-spaniel-300x189.jpg,Sussex Spaniel
https://cdn3-www.dogtime.com/assets/uploads/2014/06/file_23298_Swedish-Vallhund-dog-breed-300x189.jpg,Swedish Vallhund
https://cdn1-www.dogtime.com/assets/uploads/2011/01/file_22952_tibetan-mastiff-300x189.jpg,Tibetan Mastiff
https://cdn3-www.dogtime.com/assets/uploads/2011/01/file_23162_tibetan-spaniel-300x189.jpg,Tibetan Spaniel
https://cdn3-www.dogtime.com/assets/uploads/2011/01/file_23164_tibetan-terrier-300x189.jpg,Tibetan Terrier
https://cdn1-www.dogtime.com/assets/uploads/2011/01/file_23130_toy-fox-terrier-300x189.jpg,Toy Fox Terrier
https://cdn3-www.dogtime.com/assets/uploads/2011/01/file_23280_what-is-a-treeing-tennessee-brindle-dog-300x189.jpg,Treeing Tennessee Brindle
https://cdn2-www.dogtime.com/assets/uploads/2011/01/file_23250_treeing-walker-coonhound-300x189.jpg,Treeing Walker Coonhound
https://cdn3-www.dogtime.com/assets/uploads/2011/01/file_22996_vizsla-300x189.jpg,Vizsla
https://cdn1-www.dogtime.com/assets/uploads/2011/01/file_22998_weimaraner-300x189.jpg,Weimaraner
https://cdn3-www.dogtime.com/assets/uploads/2011/01/file_23000_welsh-springer-spaniel-300x189.jpg,Welsh Springer Spaniel
https://cdn3-www.dogtime.com/assets/uploads/2011/01/file_23090_welsh-terrier-300x189.jpg,Welsh Terrier
https://cdn3-www.dogtime.com/assets/uploads/2011/01/file_23092_west-highland-white-terrier-300x189.jpg,West Highland White Terrier
https://cdn1-www.dogtime.com/assets/uploads/2011/01/file_23048_whippet-300x189.jpg,Whippet
https://cdn2-www.dogtime.com/assets/uploads/2019/07/whoodle-mixed-dog-breed-pictures-cover-650x368.jpg,Whoodle
https://cdn3-www.dogtime.com/assets/uploads/2011/01/file_23002_wirehaired-pointing-griffon-300x189.jpg,Wirehaired Pointing Griffon
https://cdn2-www.dogtime.com/assets/uploads/2012/02/file_23296_Xoloitzcuintli-dog-breed-300x189.jpg,Xoloitzcuintli
https://cdn3-www.dogtime.com/assets/uploads/2011/01/file_23208_yorkipoo-300x189.jpg,Yorkipoo
https://cdn2-www.dogtime.com/assets/uploads/2011/01/file_23132_yorkshire-terrier-300x189.jpg,Yorkshire Terrier
